<?xml version="1.0" encoding="UTF-8"?>
  <SupportAssistPrebootDiagnosticLog>
    <Schema>1.0.0</Schema>
    <LogNumber>183</LogNumber>
    <LogTimeStamp>03/20/2021 10:08:39</LogTimeStamp>
    <ePSA_Data>
      <Result>Abort</Result>
      <DevicesTested>Memory, Hard Drive</DevicesTested>
      <ePSAFullVersion>4306.12</ePSAFullVersion>
      <ePSAInvocationCount>7</ePSAInvocationCount>
    </ePSA_Data>
    <BIOS_Data>
      <ErrorCategory>NO_BOOT</ErrorCategory>
      <ErrorMessage><![CDATA[Operating System Loader has no signature. Incompatible with SecureBoot. ]]></ErrorMessage>
      <SOS_Available>FALSE</SOS_Available>
      <TimeOutSeconds>0</TimeOutSeconds>
    </BIOS_Data>
  </SupportAssistPrebootDiagnosticLog>
