<?xml version="1.0" encoding="UTF-8"?>
  <SupportAssistPrebootDiagnosticLog>
    <Schema>1.0.0</Schema>
    <LogNumber>182</LogNumber>
    <LogTimeStamp>03/20/2021 10:08:39</LogTimeStamp>
    <ePSA_Data>
      <Result>Pass</Result>
      <DevicesTested>Memory, Hard Drive</DevicesTested>
      <LogData>
        <ePSALogTimeStamp>03/20/2021 10:08:39</ePSALogTimeStamp>
        <ePSAVersion>4306.12</ePSAVersion>
        <ErrorCode>2000:0000</ErrorCode>
        <ValidationCode>111824</ValidationCode>
        <ErrorMessage><![CDATA[ePSA quick test pass]]></ErrorMessage>
      </LogData>
      <MemRxHealed>FALSE</MemRxHealed>
      <ePSAInfo><![CDATA[serviceTag=JJN8ZL2&errCode=0000&ValCode=111824&uID=0D441]]></ePSAInfo>
      <ePSAFullVersion>4306.12</ePSAFullVersion>
      <ePSAInvocationCount>6</ePSAInvocationCount>
    </ePSA_Data>
    <BIOS_Data>
      <ErrorCategory>NO_BOOT</ErrorCategory>
      <ErrorMessage><![CDATA[Operating System Loader has no signature. Incompatible with SecureBoot. ]]></ErrorMessage>
      <SOS_Available>FALSE</SOS_Available>
      <TimeOutSeconds>0</TimeOutSeconds>
    </BIOS_Data>
  </SupportAssistPrebootDiagnosticLog>
